,mean_fit_time,std_fit_time,mean_score_time,std_score_time,param_learning_rate,params,split0_test_score,split1_test_score,split2_test_score,split3_test_score,split4_test_score,mean_test_score,std_test_score,rank_test_score
2,18.822230720520018,3.613528153903077,0.17554545402526855,0.019620888189379557,0.2,{'learning_rate': 0.2},0.3844160651489913,0.3807144179159726,0.39015361836017026,0.3812696650009254,0.3829354062557838,0.3838978345363687,0.0033873611823752245,1
1,20.733406591415406,0.046123028495717026,0.18339161872863768,0.011064526859880575,0.1,{'learning_rate': 0.1},0.3607255228576717,0.35406255783823803,0.3620210993892282,0.36220618175087915,0.3533222283916343,0.3584675180455303,0.00393908142718431,2
0,20.86030592918396,0.11284329400832083,0.17252655029296876,0.00959878798955019,0.01,{'learning_rate': 0.01},0.27706829539144917,0.28262076624097726,0.2892837312604109,0.2876179900055525,0.28114010734776973,0.2835461780492319,0.004429620670487256,3
